[
  {
    "slug": "recursive-interaction",
    "title": "Recursive Interaction",
    "subtitle": "Looped engagement for alignment",
    "tags": [
      "recursive"
    ]
  },
  {
    "slug": "iterative-convergence",
    "title": "Iterative Convergence",
    "subtitle": "Progressive tightening toward intent",
    "tags": [
      "recursive"
    ]
  },
  {
    "slug": "compression",
    "title": "Compression",
    "subtitle": "Reduce complexity into structure",
    "tags": [
      "recursive"
    ]
  },
  {
    "slug": "signal-vs-noise",
    "title": "Signal vs. Noise",
    "subtitle": "Clarity versus distraction in output",
    "tags": [
      "recursive"
    ]
  },
  {
    "slug": "looped-refinement-process",
    "title": "Looped Refinement Process",
    "subtitle": "Practical mechanics of recursion",
    "tags": [
      "recursive"
    ]
  },
  {
    "slug": "cognitive-telemetry",
    "title": "Cognitive Telemetry",
    "subtitle": "Real-time alignment measurement",
    "tags": [
      "telemetry"
    ]
  },
  {
    "slug": "grip-index",
    "title": "Grip Index",
    "subtitle": "Strength of intent/output alignment",
    "tags": [
      "telemetry"
    ]
  },
  {
    "slug": "cognitive-drift",
    "title": "Cognitive Drift",
    "subtitle": "Compounding misalignment over time",
    "tags": [
      "telemetry"
    ]
  },
  {
    "slug": "friction-index",
    "title": "Friction Index",
    "subtitle": "Tension between prompt and response",
    "tags": [
      "telemetry"
    ]
  },
  {
    "slug": "feedback-score",
    "title": "Feedback Score",
    "subtitle": "Retention of corrective guidance",
    "tags": [
      "telemetry"
    ]
  },
  {
    "slug": "signal-trace",
    "title": "Signal Trace",
    "subtitle": "Alignment trend across cycles",
    "tags": [
      "telemetry"
    ]
  },
  {
    "slug": "ai-agency",
    "title": "AI Agency",
    "subtitle": "Systems acting across time/tools",
    "tags": [
      "agency"
    ]
  },
  {
    "slug": "drift-layer",
    "title": "Drift Layer",
    "subtitle": "Zone where identity detaches",
    "tags": [
      "agency"
    ]
  },
  {
    "slug": "alignment-layer",
    "title": "Alignment Layer",
    "subtitle": "Internal logic that anchors identity",
    "tags": [
      "agency"
    ]
  },
  {
    "slug": "representation-vs-generation",
    "title": "Representation vs. Generation",
    "subtitle": "Identity fidelity over fluency",
    "tags": [
      "agency"
    ]
  },
  {
    "slug": "scias",
    "title": "Synthetic Cognitive Identity Agents (SCIAs)",
    "subtitle": "Agents that mirror reasoning patterns",
    "tags": [
      "identity"
    ]
  },
  {
    "slug": "output-to-identity",
    "title": "Output to Identity Paradigm Shift",
    "subtitle": "From style mimicry to identity fidelity",
    "tags": [
      "identity"
    ]
  },
  {
    "slug": "cognitive-process-modeling",
    "title": "Cognitive Process Modeling",
    "subtitle": "Training systems on how you think",
    "tags": [
      "identity"
    ]
  },
  {
    "slug": "scp",
    "title": "SCP",
    "subtitle": "Synthetic Cognitive Profile",
    "tags": [
      "identity",
      "recursive",
      "agency"
    ],
    "content": {
      "definition": "A structured model of a person or team\u2019s reasoning style, values, and decision patterns that guides an AI system\u2019s behavior beyond surface voice. An SCP encodes cognitive tendencies so the system can reason in ways that reflect the source identity, not merely mimic outputs.",
      "importance": "Centers identity fidelity over output fluency. SCPs provide the internal logic that anchors long-loop interactions and prevents drift, enabling agentic systems to represent rather than just generate.",
      "looks_like": [
        "Principles, constraints, and reasoning heuristics expressed as machine-usable rules or evaluators.",
        "Calibration prompts and reflective loops that preserve tone, stance, and decision priorities.",
        "Telemetry hooks that monitor fidelity to the profile across sessions (e.g., drift checks)."
      ],
      "overlaps": [
        "Alignment Layer",
        "Representation vs. Generation",
        "Cognitive Process Modeling",
        "Feedback Score / Grip Index (for fidelity measurement)"
      ]
    }
  }
]