{
  "HARIL_System": {
    "description": "The full HARIL framework, representing recursive human\u2013AI collaboration at multiple tiers.",
    "links": {
      "glossary_base": "https://matchzimmerman.github.io/haril_glossary_full_site_v14/#/term/"
    },
    "telemetry": {
      "drift_index": 0.27,
      "friction_index": 0.18,
      "compression_rate": 0.64
    },
    "pages": [
      {
        "slug": "about",
        "title": "About HARIL",
        "markdown": "# About HARIL\nHARIL (Human\u2013AI Recursive Interaction Loop) is a methodology and system for recursive, alignment-focused collaboration between humans and AI."
      },
      {
        "slug": "methods",
        "title": "Methods",
        "markdown": "# Methods\nThe core loop is **Inquire \u2192 Explore \u2192 Compress \u2192 Expand**. This site demonstrates multiple visual metaphors and an interactive stepper."
      }
    ],
    "tiers": [
      {
        "tier": 1,
        "slug": "methodology",
        "name": "HARIL Methodology",
        "short": "Mindset + process loop",
        "type": "methodology",
        "definition": "A recursive, process-based methodology and mindset for evolving meaning and alignment through iterative loops.",
        "core_loop": [
          "Inquire",
          "Explore",
          "Compress",
          "Expand"
        ],
        "tags": [
          "methodology",
          "mindset",
          "recursion"
        ],
        "glossary_terms": [
          "recursive_interaction",
          "friction-index",
          "cognitive-shell"
        ]
      },
      {
        "tier": 2,
        "slug": "engine",
        "name": "HARIL Engine",
        "short": "Trained cognition core",
        "type": "trained_system",
        "definition": "An AI cognition core trained to operate entirely within the HARIL Methodology, embedding recursive logic at its foundation.",
        "characteristics": [
          "Continuously refines knowledge and meaning",
          "Strengthens over time through recursive feedback",
          "Requires ongoing human alignment and tuning"
        ],
        "dependencies": [
          "Requires Tier 1: HARIL Methodology to exist"
        ],
        "tags": [
          "engine",
          "cognition",
          "alignment"
        ],
        "glossary_terms": [
          "scp-synthetic-cognitive-profile",
          "signal-mapping",
          "recursive-prompt-loop"
        ]
      },
      {
        "tier": 3,
        "slug": "architecture",
        "name": "HARIL Architecture",
        "short": "System blueprint",
        "type": "system_framework",
        "definition": "The meta-level blueprint that allows multiple HARIL Engines to interconnect and scale while maintaining alignment and modularity.",
        "contains": [
          "Multiple HARIL Engines",
          "Standards for interoperability and modularity",
          "Shared recursive protocols"
        ],
        "tags": [
          "architecture",
          "scaling",
          "standards"
        ],
        "glossary_terms": [
          "haril",
          "alignment-engine",
          "telemetry"
        ]
      },
      {
        "tier": 4,
        "slug": "agent",
        "name": "HARIL Agent",
        "short": "Specialized instance",
        "type": "specialized_instance",
        "definition": "An individual AI unit spawned within a HARIL Engine and trained for a specific domain or task.",
        "examples": [
          "Grant Application Agent",
          "Daily Research Synthesizer",
          "Design Sprint Agent"
        ],
        "tags": [
          "agent",
          "domain",
          "task"
        ],
        "glossary_terms": [
          "scia-synthetic-cognitive-interaction-agent",
          "role-conditioning",
          "interface-protocol"
        ]
      },
      {
        "tier": 5,
        "slug": "teams",
        "name": "HARIL Agentic Team",
        "short": "Human\u2013AI collective",
        "type": "human_ai_collective",
        "definition": "A distributed collaboration of humans and HARIL Agents, working together through recursive interaction loops.",
        "composition": [
          "Humans (creative direction, ethics, vision)",
          "HARIL Agents (execution, scalability, recursive precision)"
        ],
        "tags": [
          "team",
          "collective",
          "collaboration"
        ],
        "glossary_terms": [
          "distributed-cognition",
          "rhythmic-mirroring",
          "alignment"
        ]
      }
    ],
    "relationships": {
      "HARIL": "Foundational methodology and mindset guiding all layers.",
      "SCP": "Synthetic Cognitive Profile \u2014 evolving memory core for Engines/Agents.",
      "SCIA": "Synthetic Cognitive Interaction Agent \u2014 HARIL Engine + SCP with human-in-the-loop evolution.",
      "notes": [
        "HARIL provides rules/logic of interaction.",
        "HARIL Engine executes rules at scale.",
        "SCP provides continuity & memory.",
        "SCIA is a deployable, evolving agent."
      ],
      "glossary_map": {
        "scp": "scp-synthetic-cognitive-profile",
        "scia": "scia-synthetic-cognitive-interaction-agent",
        "haril": "haril"
      }
    }
  }
}