[
  {
    "slug": "haril",
    "title": "HARIL",
    "subtitle": "Human\u2013AI Recursive Interaction Loop"
  },
  {
    "slug": "scp",
    "title": "SCP",
    "subtitle": "Synthetic Cognitive Profile"
  },
  {
    "slug": "rpa",
    "title": "RPA",
    "subtitle": "Recursive Prompt Architecture"
  },
  {
    "slug": "cognitive-shell",
    "title": "Cognitive Shell",
    "subtitle": "Policy envelope & roles"
  },
  {
    "slug": "agentic-turn",
    "title": "Agentic Turn",
    "subtitle": "From tool use to routines"
  },
  {
    "slug": "telemetry",
    "title": "Telemetry",
    "subtitle": "Signals & loop health"
  },
  {
    "slug": "drift-layer",
    "title": "Drift Layer",
    "subtitle": "Deviation field across iterations"
  },
  {
    "slug": "compression-threshold",
    "title": "Compression Threshold",
    "subtitle": "When to collapse steps"
  }
]