[
  {
    "slug": "recursive-interaction",
    "title": "Recursive Interaction",
    "subtitle": "Looped engagement for alignment",
    "tags": [
      "recursive"
    ]
  },
  {
    "slug": "iterative-convergence",
    "title": "Iterative Convergence",
    "subtitle": "Progressive tightening toward intent",
    "tags": [
      "recursive"
    ]
  },
  {
    "slug": "compression",
    "title": "Compression",
    "subtitle": "Reduce complexity into structure",
    "tags": [
      "recursive"
    ]
  },
  {
    "slug": "signal-vs-noise",
    "title": "Signal vs. Noise",
    "subtitle": "Clarity versus distraction in output",
    "tags": [
      "recursive"
    ]
  },
  {
    "slug": "looped-refinement-process",
    "title": "Looped Refinement Process",
    "subtitle": "Practical mechanics of recursion",
    "tags": [
      "recursive"
    ]
  },
  {
    "slug": "cognitive-telemetry",
    "title": "Cognitive Telemetry",
    "subtitle": "Real-time alignment measurement",
    "tags": [
      "telemetry"
    ]
  },
  {
    "slug": "grip-index",
    "title": "Grip Index",
    "subtitle": "Strength of intent/output alignment",
    "tags": [
      "telemetry"
    ]
  },
  {
    "slug": "cognitive-drift",
    "title": "Cognitive Drift",
    "subtitle": "Compounding misalignment over time",
    "tags": [
      "telemetry"
    ]
  },
  {
    "slug": "friction-index",
    "title": "Friction Index",
    "subtitle": "Tension between prompt and response",
    "tags": [
      "telemetry"
    ]
  },
  {
    "slug": "feedback-score",
    "title": "Feedback Score",
    "subtitle": "Retention of corrective guidance",
    "tags": [
      "telemetry"
    ]
  },
  {
    "slug": "signal-trace",
    "title": "Signal Trace",
    "subtitle": "Alignment trend across cycles",
    "tags": [
      "telemetry"
    ]
  },
  {
    "slug": "ai-agency",
    "title": "AI Agency",
    "subtitle": "Systems acting across time/tools",
    "tags": [
      "agency"
    ]
  },
  {
    "slug": "drift-layer",
    "title": "Drift Layer",
    "subtitle": "Zone where identity detaches",
    "tags": [
      "agency"
    ]
  },
  {
    "slug": "alignment-layer",
    "title": "Alignment Layer",
    "subtitle": "Internal logic that anchors identity",
    "tags": [
      "agency"
    ]
  },
  {
    "slug": "representation-vs-generation",
    "title": "Representation vs. Generation",
    "subtitle": "Identity fidelity over fluency",
    "tags": [
      "agency"
    ]
  },
  {
    "slug": "scias",
    "title": "Synthetic Cognitive Identity Agents (SCIAs)",
    "subtitle": "Agents that mirror reasoning patterns",
    "tags": [
      "identity"
    ]
  },
  {
    "slug": "output-to-identity",
    "title": "Output to Identity Paradigm Shift",
    "subtitle": "From style mimicry to identity fidelity",
    "tags": [
      "identity"
    ]
  },
  {
    "slug": "cognitive-process-modeling",
    "title": "Cognitive Process Modeling",
    "subtitle": "Training systems on how you think",
    "tags": [
      "identity"
    ]
  }
]